risk_band,order_id,risk_score,gross_amount
High,48,55.0625,214528
Low,2844,15.40576652601969,23659179
Medium,1705,33.142521994134896,11510686
